ID	Statement	Question	QuestionType	StatementType	SentimentType
213734212	Maybe	False	N/A	command	love
674194238	Maybe	False	N/A	command	love
644924835	Its alive	False	N/A	statement	mean
1251769068	im developing the first skip the dishes type app for cannabis	False	N/A	command	sad
2054558328	Its alive	False	N/A	statement	mean
1369921035	Sup	False	N/A	command	neutral
614375372	Sup	False	N/A	command	neutral
1791661213	lol	False	N/A	command	nice
960785183	Mother fucker I wanna job rolling blunts for $50k a year.	False	N/A	exclamation	angry
1655255456	Mother fucker I wanna job rolling blunts for $50k a year.	False	N/A	exclamation	angry
368601381	Cody sent a link.	False	N/A	command	neutral
553955940	Cody sent a link.	False	N/A	command	neutral
1012724745	Maybe	False	N/A	command	love
1970172867	Its alive	False	N/A	statement	mean
479361538	Get to work lol	False	N/A	command	mean
1717190844	Sup	False	N/A	command	neutral
2093403370	Get to work lol	False	N/A	command	mean
1636559952	Wuts up	False	N/A	statement	neutral
1281757376	Mother fucker I wanna job rolling blunts for $50k a year.	False	N/A	exclamation	angry
389255525	Wuts up	False	N/A	statement	neutral
1017265057	Cody sent a link.	False	N/A	command	neutral
1438586654	The garlic dill pickles	False	N/A	statement	angry
19636154	The garlic dill pickles	False	N/A	statement	angry
478927704	Bacon pickle turkey sandwiches	False	N/A	command	racist
465423747	Bacon pickle turkey sandwiches	False	N/A	command	racist
266183622	Lol	False	N/A	command	nice
257552921	Get to work lol	False	N/A	command	mean
1383523361	Lol	False	N/A	command	nice
2144278608	llol its soo good	False	N/A	exclamation	mean
1548577155	Wuts up	False	N/A	statement	neutral
1819102124	llol its soo good	False	N/A	exclamation	mean
313323473	Eating more turkey lol	False	N/A	command	happy
1170711692	The garlic dill pickles	False	N/A	statement	angry
1034036985	Eating more turkey lol	False	N/A	command	happy
655816245	Its alright lol	False	N/A	statement	mean
1657982537	Bacon pickle turkey sandwiches	False	N/A	command	racist
618993336	Its alright lol	False	N/A	statement	mean
1013248633	how was your weekend?	True	special	N/A	angry
1333319885	Lol	False	N/A	command	nice
1373539252	how was your weekend?	True	special	N/A	angry
855105785	llol its soo good	False	N/A	exclamation	mean
1841899785	Jesus	False	N/A	command	disgust
577368906	Jesus	False	N/A	command	disgust
344581508	Eating more turkey lol	False	N/A	command	happy
2023136751	lol had dinner earlier. now i have a weeks worth of work to do in 9ish hours xD	False	N/A	exclamation	happy
781385674	lol had dinner earlier. now i have a weeks worth of work to do in 9ish hours xD	False	N/A	exclamation	happy
1452182955	Go get the turkey lol	False	N/A	command	love
343229234	Its alright lol	False	N/A	statement	mean
548411734	Go get the turkey lol	False	N/A	command	love
1708879013	Cody sent an attachment.	False	N/A	command	neutral
166058635	how was your weekend?	True	special	N/A	angry
878976073	Cody sent an attachment.	False	N/A	command	neutral
747950405	What you doing ?	True	special	N/A	sad
624013207	What you doing ?	True	special	N/A	sad
1578378942	Jesus	False	N/A	command	disgust
1662765700	Cody sent an attachment.	False	N/A	command	neutral
2025784434	Cody sent an attachment.	False	N/A	command	neutral
837482604	lol had dinner earlier. now i have a weeks worth of work to do in 9ish hours xD	False	N/A	exclamation	happy
515839390	Thats how it goes	False	N/A	statement	neutral
652089723	Thats how it goes	False	N/A	statement	neutral
1140661174	Go get the turkey lol	False	N/A	command	love
722101484	Bongs ? Lol	False	N/A	command	love
1244224521	Bongs ? Lol	False	N/A	command	love
493871498	Cody sent an attachment.	False	N/A	command	neutral
1105542300	What you doing ?	True	special	N/A	sad
873814847	Cody sent an attachment.	False	N/A	command	neutral
1840263235	Time	False	N/A	command	nice
600417918	Time	False	N/A	command	nice
1319433631	Stoner tome	False	N/A	command	sad
356250416	Thats how it goes	False	N/A	statement	neutral
82498606	Stoner tome	False	N/A	command	sad
1753044796	Bongs ? Lol	False	N/A	command	love
1904974164	Just chilling at home	False	N/A	command	neutral
89824430	Just chilling at home	False	N/A	command	neutral
480598927	Oh cant really get in any lol	True	special	N/A	disgust
61244791	Oh cant really get in any lol	True	special	N/A	disgust
1656309914	trying lol. you?	True	disjunctive	N/A	neutral
681591687	Time	False	N/A	command	nice
1494672358	trying lol. you?	True	disjunctive	N/A	neutral
65055008	Stayin outta shit?	True	choice	N/A	sad
1171544935	Stoner tome	False	N/A	command	sad
425414776	Stayin outta shit?	True	choice	N/A	sad
1661847501	Ah	False	N/A	command	love
1195500162	Just chilling at home	False	N/A	command	neutral
357329286	Ah	False	N/A	command	love
2046276117	hmm, im trying to find a way around something, but it might be a cunt	False	N/A	command	happy
2134429342	Oh cant really get in any lol	True	special	N/A	disgust
2056890991	hmm, im trying to find a way around something, but it might be a cunt	False	N/A	command	happy
1704795217	so its possible	False	N/A	statement	disgust
317203146	trying lol. you?	True	disjunctive	N/A	neutral
2081240299	so its possible	False	N/A	statement	disgust
1659648900	Under the indian act  any reserve is the jurisdiction of the RCMP	False	N/A	command	happy
1078559972	Stayin outta shit?	True	choice	N/A	sad
1893256728	Under the indian act  any reserve is the jurisdiction of the RCMP	False	N/A	command	happy
528523319	if i hosted a server on the rez could the police seize it?	True	general	N/A	love
1463989492	if i hosted a server on the rez could the police seize it?	True	general	N/A	love
1970816409	Ah	False	N/A	command	love
763620558	Hows the weekend treating you	True	general	N/A	love
1678513392	Hows the weekend treating you	True	general	N/A	love
89251848	hmm, im trying to find a way around something, but it might be a cunt	False	N/A	command	happy
149096922	Sup dude	False	N/A	command	neutral
381990683	Sup dude	False	N/A	command	neutral
921276682	so its possible	False	N/A	statement	disgust
129612154	And going for medicine tomorrow	False	N/A	command	sad
371149252	what is going on my friend?	True	special	N/A	neutral
1842537410	really cool chick when shes having a good day, but fuck that bipolar is bad.	False	N/A	exclamation	neutral
918975071	Oh god	False	N/A	command	nice
1602906758	im hoping not, but you know how fucked i can be? shes a bit worse xD if thats possible.	True	disjunctive	N/A	happy
1482578148	Lol all good! I doubt she will msg me	False	N/A	statement	angry
807371697	really cool chick when shes having a good day, but fuck that bipolar is bad.	False	N/A	exclamation	neutral
71188556	really cool chick when shes having a good day, but fuck that bipolar is bad.	False	N/A	exclamation	neutral
1322981781	Oh god	False	N/A	command	nice
471937091	Haha awesome!	False	N/A	command	nice
2003723752	Oh god	False	N/A	command	nice
878701105	im hoping not, but you know how fucked i can be? shes a bit worse xD if thats possible.	True	disjunctive	N/A	happy
1761720765	we did. she made balloon "animals"	False	N/A	statement	love
1929069042	im hoping not, but you know how fucked i can be? shes a bit worse xD if thats possible.	True	disjunctive	N/A	happy
2080872041	Lol all good! I doubt she will msg me	False	N/A	statement	angry
519546091	no worries thank you lol	True	general	N/A	love
645463688	Lol all good! I doubt she will msg me	False	N/A	statement	angry
102353548	sounds good ill get her ready to go.	False	N/A	command	neutral
1249026111	Haha awesome!	False	N/A	command	nice
1108180146	we did. she made balloon "animals"	False	N/A	statement	love
483034163	Haha awesome!	False	N/A	command	nice
1853965649	Already out driving	False	N/A	command	angry
1654172258	we did. she made balloon "animals"	False	N/A	statement	love
1551656162	no worries thank you lol	True	general	N/A	love
1598606318	10 minutes	False	N/A	command	racist
2100837752	no worries thank you lol	True	general	N/A	love
1417790576	cool cool. how long?	False	N/A	command	neutral
1425742352	Hope you guys had fun	True	general	N/A	disgust
2053755097	Hope you guys had fun	True	general	N/A	disgust
480576697	Thank you !!	True	general	N/A	love
1497266467	Were going to come get her	True	choice	N/A	sad
1907493931	Thank you !!	True	general	N/A	love
513046147	sounds good ill get her ready to go.	False	N/A	command	neutral
339545632	Okay	False	N/A	command	neutral
1622496909	sounds good ill get her ready to go.	False	N/A	command	neutral
1904606446	lol	False	N/A	command	nice
1933816354	Already out driving	False	N/A	command	angry
148272349	Already out driving	False	N/A	command	angry
1891597281	10 minutes	False	N/A	command	racist
385233913	yaa	False	N/A	command	neutral
342499331	10 minutes	False	N/A	command	racist
363135532	cool cool. how long?	False	N/A	command	neutral
615836083	106 dundas east. but pull into the lawyers	False	N/A	command	angry
616509897	Were going to come get her	True	choice	N/A	sad
1658033939	cool cool. how long?	False	N/A	command	neutral
668889564	By the lawyer place	False	N/A	command	love
898653592	Okay	False	N/A	command	neutral
59701918	Were going to come get her	True	choice	N/A	sad
1732531845	On Dundas ?	False	N/A	command	neutral
403056654	lol	False	N/A	command	nice
1650704311	Where would that be ?	False	N/A	command	neutral
1541110384	Okay	False	N/A	command	neutral
1805457328	yaa	False	N/A	command	neutral
1202910556	my place	False	N/A	command	love
1842590137	lol	False	N/A	command	nice
2107143917	106 dundas east. but pull into the lawyers	False	N/A	command	angry
1986012960	Where are you and Ava	True	special	N/A	happy
963307844	yaa	False	N/A	command	neutral
611909176	By the lawyer place	False	N/A	command	love
963132228	Lmao!	False	N/A	command	love
1444994002	106 dundas east. but pull into the lawyers	False	N/A	command	angry
872564041	On Dundas ?	False	N/A	command	neutral
1082118042	lol to late xD	False	N/A	command	sad
2056492938	By the lawyer place	False	N/A	command	love
1238219528	Where would that be ?	False	N/A	command	neutral
1041268124	Another day would work best	False	N/A	command	love
721189830	On Dundas ?	False	N/A	command	neutral
890429380	my place	False	N/A	command	love
1904913461	Were moving	False	N/A	command	love
628114583	Where would that be ?	False	N/A	command	neutral
907223782	Where are you and Ava	True	special	N/A	happy
1183309789	its a pa day today right? mind if i take ava out?	False	N/A	statement	mean
2040924394	my place	False	N/A	command	love
1704448165	Lmao!	False	N/A	command	love
954233134	Where are you and Ava	True	special	N/A	happy
1903310302	lmfao also what school is ava going to again?	True	choice	N/A	nice
29259780	Lmao!	False	N/A	command	love
1545449910	lol to late xD	False	N/A	command	sad
25783514	Hahahah me neither	False	N/A	statement	love
693058645	Another day would work best	False	N/A	command	love
2059319475	lol to late xD	False	N/A	command	sad
1315739607	so random thought. if this period syncing thing is true, i do not envy future mike. lmfao.	False	N/A	exclamation	nice
1096626566	Another day would work best	False	N/A	command	love
1475683508	Were moving	False	N/A	command	love
1701784269	has booboo seen frozen 2 yet?	True	special	N/A	love
1008883004	its a pa day today right? mind if i take ava out?	False	N/A	statement	mean
2130708284	Were moving	False	N/A	command	love
579470299	cool cool thank you. if this works i never have to talk to my family again xD	False	N/A	exclamation	love
209813068	lmfao also what school is ava going to again?	True	choice	N/A	nice
1838897382	its a pa day today right? mind if i take ava out?	False	N/A	statement	mean
1253074862	Thats fine	False	N/A	statement	disgust
1375047454	Hahahah me neither	False	N/A	statement	love
2060464627	lmfao also what school is ava going to again?	True	choice	N/A	nice
1079641217	Okay	False	N/A	command	neutral
1413531880	so random thought. if this period syncing thing is true, i do not envy future mike. lmfao.	False	N/A	exclamation	nice
469739999	Hahahah me neither	False	N/A	statement	love
2009156847	sounds good ill get her ready to go.	False	N/A	command	neutral
367479177	Haha awesome!	False	N/A	command	nice
25536023	Haha awesome!	False	N/A	command	nice
1498427187	we did. she made balloon "animals"	False	N/A	statement	love
1594297579	Already out driving	False	N/A	command	angry
2104021623	we did. she made balloon "animals"	False	N/A	statement	love
1832407788	no worries thank you lol	True	general	N/A	love
164360050	10 minutes	False	N/A	command	racist
1158820068	Hope you guys had fun	True	general	N/A	disgust
381209382	cool cool. how long?	False	N/A	command	neutral
1056864451	no worries thank you lol	True	general	N/A	love
2026133186	Thank you !!	True	general	N/A	love
6882537	Were going to come get her	True	choice	N/A	sad
1868646527	Hope you guys had fun	True	general	N/A	disgust
19280424	sounds good ill get her ready to go.	False	N/A	command	neutral
1088991833	Okay	False	N/A	command	neutral
1174669462	Thank you !!	True	general	N/A	love
576868314	Already out driving	False	N/A	command	angry
870361637	lol	False	N/A	command	nice
8719203	sounds good ill get her ready to go.	False	N/A	command	neutral
1507275120	yaa	False	N/A	command	neutral
2127966658	10 minutes	False	N/A	command	racist
689500584	Already out driving	False	N/A	command	angry
795874474	106 dundas east. but pull into the lawyers	False	N/A	command	angry
1470145515	cool cool. how long?	False	N/A	command	neutral
3753505	10 minutes	False	N/A	command	racist
1204972962	By the lawyer place	False	N/A	command	love
258426373	Were going to come get her	True	choice	N/A	sad
599087685	cool cool. how long?	False	N/A	command	neutral
637171283	On Dundas ?	False	N/A	command	neutral
2117200043	Were going to come get her	True	choice	N/A	sad
147568469	Okay	False	N/A	command	neutral
977688453	Where would that be ?	False	N/A	command	neutral
583355638	lol	False	N/A	command	nice
549399982	Okay	False	N/A	command	neutral
1547074688	my place	False	N/A	command	love
1446608654	lol	False	N/A	command	nice
1789023552	yaa	False	N/A	command	neutral
1990599450	Where are you and Ava	True	special	N/A	happy
1386277202	yaa	False	N/A	command	neutral
671024930	106 dundas east. but pull into the lawyers	False	N/A	command	angry
1949525629	Lmao!	False	N/A	command	love
1820451758	106 dundas east. but pull into the lawyers	False	N/A	command	angry
1034958543	By the lawyer place	False	N/A	command	love
1355076494	lol to late xD	False	N/A	command	sad
560078891	By the lawyer place	False	N/A	command	love
1888083976	On Dundas ?	False	N/A	command	neutral
989186315	Another day would work best	False	N/A	command	love
1618095898	On Dundas ?	False	N/A	command	neutral
1498268767	Where would that be ?	False	N/A	command	neutral
1429203677	Were moving	False	N/A	command	love
445360840	Where would that be ?	False	N/A	command	neutral
1235785504	my place	False	N/A	command	love
909350318	its a pa day today right? mind if i take ava out?	False	N/A	statement	mean
1613832213	Where are you and Ava	True	special	N/A	happy
437668581	lmfao also what school is ava going to again?	True	choice	N/A	nice
1490423254	Where are you and Ava	True	special	N/A	happy
1754534019	Lmao!	False	N/A	command	love
1724070195	Hahahah me neither	False	N/A	statement	love
1111425139	Lmao!	False	N/A	command	love
852915281	lol to late xD	False	N/A	command	sad
2145088789	Np	False	N/A	command	love
866660319	Bit soon but yaa.	False	N/A	exclamation	neutral
1415356785	Np	False	N/A	command	love
1388702531	Thank you !	True	general	N/A	love
1808001915	Lmfao totally forgot it was ur bday. Happy birthday xD	False	N/A	exclamation	nice
1635764633	Thank you !	True	general	N/A	love
1037649541	It's not much just what I could afford today, I sent you some money though.	True	general	N/A	love
1356708085	She ate dinner just going to catch bus	False	N/A	command	sad
30178094	It's not much just what I could afford today, I sent you some money though.	True	general	N/A	love
528130405	Thank you.	False	N/A	statement	happy
837382223	Ok I'm gonna bring her home.	False	N/A	command	happy
1291827131	Thank you.	False	N/A	statement	happy
653633039	Time, actions that prove the words	False	N/A	command	love
953212809		False	N/A	command	love
326947788	Time, actions that prove the words	False	N/A	command	love
1927710962	Bit soon but yaa.	False	N/A	exclamation	neutral
687884873	I'm gonna grab booboo soon.	False	N/A	exclamation	mean
1885569414	Bit soon but yaa.	False	N/A	exclamation	neutral
1124434439	Lmfao totally forgot it was ur bday. Happy birthday xD	False	N/A	exclamation	nice
736687360	whats in that blue shit you made?	True	special	N/A	neutral
683995253	Lmfao totally forgot it was ur bday. Happy birthday xD	False	N/A	exclamation	nice
225351608	She ate dinner just going to catch bus	False	N/A	command	sad
973962802	ive asked so many times ima write it down this time.	False	N/A	exclamation	sad
884496080	She ate dinner just going to catch bus	False	N/A	command	sad
157213132	Ok I'm gonna bring her home.	False	N/A	command	happy
2023028630	thank you. ok, and sounds good. fucking dinos	False	N/A	exclamation	happy
1511309735	Ok I'm gonna bring her home.	False	N/A	command	happy
1761701147		False	N/A	command	love
1179574931	And any blanket with a dinosaur on it	False	N/A	command	happy
1566891888		False	N/A	command	love
515271114	Sorry I just got out of work. I'm going to catch bus.	False	N/A	exclamation	sad
427105814	That should be fine !	False	N/A	statement	neutral
796764851	Sorry I just got out of work. I'm going to catch bus.	False	N/A	exclamation	sad
374186503	would you mind if i took ava out saturday?	True	general	N/A	love
1899813259	I'm gonna grab booboo soon.	False	N/A	exclamation	mean
938771902	I'm gonna grab booboo soon.	False	N/A	exclamation	mean
1952517196	does ava have like a favorite kind of blanket?	True	special	N/A	happy
511655581	whats in that blue shit you made?	True	special	N/A	neutral
1157297645	whats in that blue shit you made?	True	special	N/A	neutral
794730056	its going to be so fucking noisy when Ava starts coming to.	False	N/A	exclamation	angry
319693645	ive asked so many times ima write it down this time.	False	N/A	exclamation	sad
268207744	ya really.	False	N/A	command	neutral
188230325	ive asked so many times ima write it down this time.	False	N/A	exclamation	sad
1007835844	thank you. ok, and sounds good. fucking dinos	False	N/A	exclamation	happy
1788372581	Then you can nap	True	general	N/A	happy
457429249	thank you. ok, and sounds good. fucking dinos	False	N/A	exclamation	happy
987914040	And any blanket with a dinosaur on it	False	N/A	command	happy
1548173416	Easier as they get older	False	N/A	command	mean
2039798608	And any blanket with a dinosaur on it	False	N/A	command	happy
224809629	That should be fine !	False	N/A	statement	neutral
1975723513	omg right	False	N/A	command	disgust
965329721	That should be fine !	False	N/A	statement	neutral
1870187642	would you mind if i took ava out saturday?	True	general	N/A	love
476917446	Hahahaha between work and the girls not much	False	N/A	statement	happy
1213885045	would you mind if i took ava out saturday?	True	general	N/A	love
760404515	does ava have like a favorite kind of blanket?	True	special	N/A	happy
1648995710	*still a tool	False	N/A	command	angry
1877296643	does ava have like a favorite kind of blanket?	True	special	N/A	happy
1593371192	its going to be so fucking noisy when Ava starts coming to.	False	N/A	exclamation	angry
1775723832	its been a couple weeks since ive slept properly. anywasy sorry to bother you.	False	N/A	statement	happy
1349727247	its going to be so fucking noisy when Ava starts coming to.	False	N/A	exclamation	angry
1795814479	ya really.	False	N/A	command	neutral
694799910	at home ya	False	N/A	statement	neutral
717494300	Thats good!	False	N/A	statement	disgust
646525698	Hope she had fun	True	special	N/A	nice
482570188	was mike there ?	True	general	N/A	nice
366666985	i just dropped her off	False	N/A	exclamation	sad
972148365	lol didnt think so.	False	N/A	command	mean
809751698	Hope she had fun	True	special	N/A	nice
179684583	lol didnt think so.	False	N/A	command	mean
895416233	Did mike get her ?	True	special	N/A	mean
727249036	But its all good thank you !	True	disjunctive	N/A	happy
1864311174	But its all good thank you !	True	disjunctive	N/A	happy
1272179979	No	False	N/A	command	disgust
1554494868	No	False	N/A	command	disgust
1993233195	Have you grabbed her ?	True	general	N/A	happy
1333427855	you guys ok?	True	general	N/A	happy
284329339	you guys ok?	True	general	N/A	happy
1395909179	i got ava from your parents and then i dropped her ff, mike is at home.	False	N/A	exclamation	happy
883908509	i got ava from your parents and then i dropped her ff, mike is at home.	False	N/A	exclamation	happy
940423885	at home ya	False	N/A	statement	neutral
1944791631	Yes thank you	False	N/A	command	love
690405251	at home ya	False	N/A	statement	neutral
938763341	i am leaving now. i can go grab ava if ts easier.	False	N/A	exclamation	mean
700115685	was mike there ?	True	general	N/A	nice
1343472710	was mike there ?	True	general	N/A	nice
1283898019	when you get a chance can you either share/email me a bunch? no rush.	True	special	N/A	happy
1460363576	i just dropped her off	False	N/A	exclamation	sad
478112031	i just dropped her off	False	N/A	exclamation	sad
1417408199	Yeah I do	False	N/A	exclamation	mean
1397413147	Did mike get her ?	True	special	N/A	mean
435147562	Did mike get her ?	True	special	N/A	mean
2124874765	i got her at 1ish sorry, forgot to bring my tablet.	False	N/A	exclamation	sad
422487267	Were getting her around 12:30/ 1 probably	False	N/A	statement	mean
45778084	lol sounds good. ill tty in a bit then.	False	N/A	exclamation	angry
1014681293	lol sounds good. ill tty in a bit then.	False	N/A	exclamation	angry
1998145208	Yeah sure, shes currently at my parents	False	N/A	command	love
418632916	Okay Ill let you know, mike is still sleeping currently	True	general	N/A	angry
207263603	would you mind if i took ava to jakes for dinner with my family?	True	general	N/A	love
1977801082	Okay Ill let you know, mike is still sleeping currently	True	general	N/A	angry
54209968	or i can get her	True	choice	N/A	mean
942688247	Had it	False	N/A	command	neutral
1958718229	or i can get her	True	choice	N/A	mean
1122605920	but i am going to be there around 1230 if you just want to drop her off on the way?	True	choice	N/A	happy
1615421339	No we ha sit yestwrday	False	N/A	command	disgust
967114337	What u up to	True	special	N/A	neutral
529256492	What u up to	True	special	N/A	neutral
1321165854	PERLEY	False	N/A	command	happy
1801297384	Its a beautiful thing	False	N/A	statement	happy
1179499863	Its a beautiful thing	False	N/A	statement	happy
1778220494	Lmao no doubt	False	N/A	command	disgust
1514342399	Andrew sheer just resigned as conservative leader	False	N/A	command	sad
1148798519	Andrew sheer just resigned as conservative leader	False	N/A	command	sad
512280593	lmfao was comatosed zS	False	N/A	statement	nice
130259627	The creators working today	False	N/A	statement	racist
489693491	The creators working today	False	N/A	statement	racist
920457082	Cody sent an attachment.	False	N/A	command	neutral
1112203979	sup  manski?	False	N/A	command	neutral
1215073545	sup  manski?	False	N/A	command	neutral
925610860	Was there enough there	False	N/A	command	happy
1009959043	PERLEY	False	N/A	command	happy
313271570	PERLEY	False	N/A	command	happy
1685488172	Lmao ok	False	N/A	command	neutral
120193504	Lmao no doubt	False	N/A	command	disgust
2063535589	well i guess ill put some pants on	False	N/A	exclamation	angry
298261980	Lmao no doubt	False	N/A	command	disgust
1211156842	lmfao was comatosed zS	False	N/A	statement	nice
181101093	When ever	True	special	N/A	love
13073296	lmfao was comatosed zS	False	N/A	statement	nice
1979374845	Cody sent an attachment.	False	N/A	command	neutral
448224167	Cody sent an attachment.	False	N/A	command	neutral
1299174117	whens good to head up? i just finished eating.	False	N/A	exclamation	sad
951928904	Was there enough there	False	N/A	command	happy
1192105050	Was there enough there	False	N/A	command	happy
1962506526	Lmfao	False	N/A	command	nice
702676093	Lmao ok	False	N/A	command	neutral
1580154782	naw economical xD	False	N/A	command	neutral
1836716480	Lmao ok	False	N/A	command	neutral
301737416	well i guess ill put some pants on	False	N/A	exclamation	angry
520939340	Lo	False	N/A	command	mean
287825069	well i guess ill put some pants on	False	N/A	exclamation	angry
713522568	When ever	True	special	N/A	love
157519313	Kentorha lol lazy	False	N/A	command	mean
24770063	When ever	True	special	N/A	love
239311594	whens good to head up? i just finished eating.	False	N/A	exclamation	sad
2122651958	why make laundry right?	True	special	N/A	sad
1542483189	whens good to head up? i just finished eating.	False	N/A	exclamation	sad
1577640457	Lmfao	False	N/A	command	nice
1954560651	Lol	False	N/A	command	nice
1612100526	Lmfao	False	N/A	command	nice
278818806	naw economical xD	False	N/A	command	neutral
2006537362	oh lmfao yaa im not typically wearing clothes when im at home	False	N/A	command	love
456328871	naw economical xD	False	N/A	command	neutral
1188793356	Lo	False	N/A	command	mean
268959753	Yesterday U said on my way after I find my pants lmao	False	N/A	exclamation	love
234361431	Lo	False	N/A	command	mean
1161917991	or did someone find my pants i lost 2 years ago drunk pool hopping?	False	N/A	exclamation	love
832352657	Kentorha lol lazy	False	N/A	command	mean
1662750910	Kentorha lol lazy	False	N/A	command	mean
830133831	sweet thank you, and what do you mean? like she wears the pants?	True	general	N/A	love
1446272020	why make laundry right?	True	special	N/A	sad
1195491152	why make laundry right?	True	special	N/A	sad
1685159389	U musta lost ur pants again lnfao	False	N/A	statement	mean
203101796	Lol	False	N/A	command	nice
1069894268	Lol	False	N/A	command	nice
55252921	I can prob do that lol	False	N/A	exclamation	nice
859154073	oh lmfao yaa im not typically wearing clothes when im at home	False	N/A	command	love
131990745	oh lmfao yaa im not typically wearing clothes when im at home	False	N/A	command	love
1511824121	Yesterday U said on my way after I find my pants lmao	False	N/A	exclamation	love
1245664812	Yesterday U said on my way after I find my pants lmao	False	N/A	exclamation	love
947244448	Cool cool	False	N/A	command	nice
1123906481	or did someone find my pants i lost 2 years ago drunk pool hopping?	False	N/A	exclamation	love
1162200976	or did someone find my pants i lost 2 years ago drunk pool hopping?	False	N/A	exclamation	love
1861066681	ill listen to that when i go to bed tonight.	False	N/A	exclamation	happy
1716469682	sweet thank you, and what do you mean? like she wears the pants?	True	general	N/A	love
1516852344	sweet thank you, and what do you mean? like she wears the pants?	True	general	N/A	love
1621838675	Lay down head phone in lights off	False	N/A	statement	happy
1833318117	U musta lost ur pants again lnfao	False	N/A	statement	mean
104959274	U musta lost ur pants again lnfao	False	N/A	statement	mean
1544459061	Thats what I was talkings about	True	disjunctive	N/A	neutral
245123657	I can prob do that lol	False	N/A	exclamation	nice
606245654	I can prob do that lol	False	N/A	exclamation	nice
857350054	Cody sent an attachment.	False	N/A	command	neutral
2111726167	Thats what I was talkings about	True	disjunctive	N/A	neutral
105726665	U left an I was like fuck did I give him to go lmao	False	N/A	exclamation	sad
1630288886	Thats what I was talkings about	True	disjunctive	N/A	neutral
2007966683	Still boo lol	False	N/A	command	love
1442322556	Cody sent an attachment.	False	N/A	command	neutral
134965273	Cody sent an attachment.	False	N/A	command	neutral
2074779130	Ur just stoned lol	False	N/A	command	sad
497254564	I support u eather way	False	N/A	exclamation	love
1065239078	I support u eather way	False	N/A	exclamation	love
232972954	Damn thought it did	False	N/A	command	disgust
575601756	Or take a break	False	N/A	command	mean
232862260	Or take a break	False	N/A	command	mean
1667937499	all good though thank you. im actually tired now	False	N/A	command	neutral
237414630	U left an I was like fuck did I give him to go lmao	False	N/A	exclamation	sad
644263165	U left an I was like fuck did I give him to go lmao	False	N/A	exclamation	sad
1728412873	Did I give u any to take with u ?	False	N/A	exclamation	sad
1593489543	Still boo lol	False	N/A	command	love
131889965	Still boo lol	False	N/A	command	love
1645822117	lol making kd	False	N/A	command	sad
2041709695	Ur just stoned lol	False	N/A	command	sad
247575463	Ur just stoned lol	False	N/A	command	sad
588126246	Its alive	False	N/A	statement	mean
1277367310	Damn thought it did	False	N/A	command	disgust
1882756240	Damn thought it did	False	N/A	command	disgust
1263820555	lmfao im inside to and my window faces downtown lol i wouldnt see it regardless	False	N/A	exclamation	love
1052876804	all good though thank you. im actually tired now	False	N/A	command	neutral
1840387145	all good though thank you. im actually tired now	False	N/A	command	neutral
589894282	Good think I didnt send u a smoke signal ya wouldnt have gotten it lnfao	False	N/A	statement	neutral
879714967	no lol	False	N/A	command	disgust
1855621787	no lol	False	N/A	command	disgust
379900642	Jeepers lmfao	False	N/A	command	nice
1424655372	Did I give u any to take with u ?	False	N/A	exclamation	sad
1298222604	Did I give u any to take with u ?	False	N/A	exclamation	sad
350891621	lol making kd	False	N/A	command	sad
1914170415	Lmao	False	N/A	command	nice
688153935	lol making kd	False	N/A	command	sad
1725924312	lmfao fair enough. ill go find some pants.	False	N/A	exclamation	angry
829954432	Its alive	False	N/A	statement	mean
744251663	If u cant figure that one out I guess it in worst shape then me bahahaha	True	special	N/A	love
526705362	Lomao	False	N/A	command	nice
1027197468	Lomao	False	N/A	command	nice
594079375	Well Im bout to go toke lmao	False	N/A	command	angry
112908872	lmfao im inside to and my window faces downtown lol i wouldnt see it regardless	False	N/A	exclamation	love
265683670	lmfao im inside to and my window faces downtown lol i wouldnt see it regardless	False	N/A	exclamation	love
1027814615	for what?	True	choice	N/A	angry
2059052784	Good think I didnt send u a smoke signal ya wouldnt have gotten it lnfao	False	N/A	statement	neutral
262632821	Good think I didnt send u a smoke signal ya wouldnt have gotten it lnfao	False	N/A	statement	neutral
1789458740	Jeepers lmfao	False	N/A	command	nice
708115664	Lol	False	N/A	command	nice
1841318177	Jeepers lmfao	False	N/A	command	nice
250429778	I guess its see u in 20 mins then lol	False	N/A	exclamation	love
1756700483	Lmao	False	N/A	command	nice
1718912492	Lmao	False	N/A	command	nice
2145112952	lmfao fair enough. ill go find some pants.	False	N/A	exclamation	angry
1141236010	Lmao	False	N/A	command	nice
594245839	lmfao fair enough. ill go find some pants.	False	N/A	exclamation	angry
2010207195	lol i can smell the picture xD	False	N/A	statement	love
2035528383	If u cant figure that one out I guess it in worst shape then me bahahaha	True	special	N/A	love
314350163	Well Im bout to go toke lmao	False	N/A	command	angry
334120443	Smells nice	False	N/A	command	racist
954222372	Well Im bout to go toke lmao	False	N/A	command	angry
860958085	for what?	True	choice	N/A	angry
679678686	lol	False	N/A	command	nice
413708833	for what?	True	choice	N/A	angry
202149028	Lol	False	N/A	command	nice
1219998248	Oh ya man	False	N/A	command	neutral
1074567917	Lol	False	N/A	command	nice
1924846286	I guess its see u in 20 mins then lol	False	N/A	exclamation	love
2115320873	that looks pretty nice to.	False	N/A	statement	neutral
2080501026	I guess its see u in 20 mins then lol	False	N/A	exclamation	love
1791225472	Lmao	False	N/A	command	nice
1629918470	Crit mass	False	N/A	command	disgust
1761898102	Lmao	False	N/A	command	nice
822404218	lol i can smell the picture xD	False	N/A	statement	love
151955480		False	N/A	command	love
1237088041	lol i can smell the picture xD	False	N/A	statement	love
1108999122	Smells nice	False	N/A	command	racist
1395876382	ncie	False	N/A	command	sad
1418563867	Smells nice	False	N/A	command	racist
152233617	lol	False	N/A	command	nice
958236431	Thats the widow	False	N/A	statement	love
1101046706	lol	False	N/A	command	nice
872442044	Oh ya man	False	N/A	command	neutral
93261519	lol fair. and that looks pretty nice	False	N/A	command	neutral
1361412283	Oh ya man	False	N/A	command	neutral
610500528	that looks pretty nice to.	False	N/A	statement	neutral
1195928312	Nah Id just ID or OD it	False	N/A	command	disgust
657067934	Crit mass	False	N/A	command	disgust
71842159	that looks pretty nice to.	False	N/A	statement	neutral
671924241		False	N/A	command	love
84470655		False	N/A	command	love
2006641780	should get some hydroponic stuff set up	False	N/A	exclamation	neutral
1591040636	Crit mass	False	N/A	command	disgust
1339724522		False	N/A	command	love
1636271000	ncie	False	N/A	command	sad
1445124476	lol	False	N/A	command	nice
1621628325	ncie	False	N/A	command	sad
465810364	Thats the widow	False	N/A	statement	love
561611894	I know right lmao	False	N/A	exclamation	love
1067102353	Thats the widow	False	N/A	statement	love
1413153101	lol fair. and that looks pretty nice	False	N/A	command	neutral
1965683122	thats not bad either	False	N/A	statement	mean
419182185	lol fair. and that looks pretty nice	False	N/A	command	neutral
946137626	Nah Id just ID or OD it	False	N/A	command	disgust
1446360989	Got like 5 seeds lmao	False	N/A	command	nice
169206444		False	N/A	command	love
367164609	Nah Id just ID or OD it	False	N/A	command	disgust
1168586248	excess crystal andeverything	False	N/A	command	love
714805299	should get some hydroponic stuff set up	False	N/A	exclamation	neutral
1716379758		False	N/A	command	love
1738219889	thats where all the good shit winds up	False	N/A	statement	neutral
1316250177	lol	False	N/A	command	nice
573990254	should get some hydroponic stuff set up	False	N/A	exclamation	neutral
856824702	Still bam lol	False	N/A	command	love
1342828367	I know right lmao	False	N/A	exclamation	love
112576318	lol	False	N/A	command	nice
2082292266	But its bottom of the bag what I was getting at	True	disjunctive	N/A	mean
256691579	thats not bad either	False	N/A	statement	mean
1987344362	I know right lmao	False	N/A	exclamation	love
1407427247	Same	False	N/A	command	nice
1149830984	thats not bad either	False	N/A	statement	mean
1738651449	Got like 5 seeds lmao	False	N/A	command	nice
2090838700	lol regardless of cost it got me pretty stoned xD	False	N/A	statement	disgust
651347474	Got like 5 seeds lmao	False	N/A	command	nice
50227324	excess crystal andeverything	False	N/A	command	love
995677732	That was some of my 20$ bottom of the bag qt	False	N/A	statement	mean
138503114	excess crystal andeverything	False	N/A	command	love
23593483	like on par or better than don and jans	False	N/A	command	happy
1960958367	thats where all the good shit winds up	False	N/A	statement	neutral
851594262	thats where all the good shit winds up	False	N/A	statement	neutral
95353697	literally everything ive gotten off you have been good lol.	True	special	N/A	happy
406775797	Still bam lol	False	N/A	command	love
1260551507	Still bam lol	False	N/A	command	love
1996406022	How did u like that stuff I gave you last	True	special	N/A	happy
139629542	But its bottom of the bag what I was getting at	True	disjunctive	N/A	mean
1263379852	Smells nice	False	N/A	command	racist
1559439772	But its bottom of the bag what I was getting at	True	disjunctive	N/A	mean
127335322	Same	False	N/A	command	nice
502441088	Idk not sure yet lmao	False	N/A	command	mean
1138735079	Same	False	N/A	command	nice
336509090	lol regardless of cost it got me pretty stoned xD	False	N/A	statement	disgust
1824143524	lol regardless of cost it got me pretty stoned xD	False	N/A	statement	disgust
828760627	and nice good stuff?	False	N/A	command	neutral
486346359	That was some of my 20$ bottom of the bag qt	False	N/A	statement	mean
1898138032	That was some of my 20$ bottom of the bag qt	False	N/A	statement	mean
896616803	i bought a bag of cigs off my roomie so i dont run out. but thats it until my new job pays me.	False	N/A	exclamation	mean
423887483	like on par or better than don and jans	False	N/A	command	happy
1248359865	like on par or better than don and jans	False	N/A	command	happy
1991890690	I got some white widow an crit	False	N/A	exclamation	love
803177202	literally everything ive gotten off you have been good lol.	True	special	N/A	happy
877396447	literally everything ive gotten off you have been good lol.	True	special	N/A	happy
295058557	youre telling me xD	False	N/A	command	love
826611214	How did u like that stuff I gave you last	True	special	N/A	happy
1255172186	How did u like that stuff I gave you last	True	special	N/A	happy
728602363	Boo	False	N/A	command	love
1325085599	Smells nice	False	N/A	command	racist
929799232	Smells nice	False	N/A	command	racist
1587418895	oh fuck my bad. im still a broke ass. i cant afford pot for a couple weeks.	False	N/A	exclamation	sad
1644807101	Idk not sure yet lmao	False	N/A	command	mean
890027637	Idk not sure yet lmao	False	N/A	command	mean
246799287	Just picked up was waiting for u to get back to me lnao	False	N/A	statement	mean
124710307	and nice good stuff?	False	N/A	command	neutral
1499430573	and nice good stuff?	False	N/A	command	neutral
815266424	not alot switched over laundry. coding atm. lol you?	False	N/A	command	love
397907397	i bought a bag of cigs off my roomie so i dont run out. but thats it until my new job pays me.	False	N/A	exclamation	mean
1834947625	i bought a bag of cigs off my roomie so i dont run out. but thats it until my new job pays me.	False	N/A	exclamation	mean
1731142919	Whats up	True	special	N/A	neutral
307518153	I got some white widow an crit	False	N/A	exclamation	love
1111600336	I got some white widow an crit	False	N/A	exclamation	love
1860958937	Just a feeling	False	N/A	command	sad
2093933244	youre telling me xD	False	N/A	command	love
432502030	youre telling me xD	False	N/A	command	love
196226821	what makes you say that?	True	special	N/A	angry
2042011335	Boo	False	N/A	command	love
1510085366	Boo	False	N/A	command	love
1295659754	the majority of the college kids are indian now. the majority of which do not drink. so unfortunately when i go to little texas now its all old people in their 40s and young people without an education, or have been in jail x number of times.	True	disjunctive	N/A	happy
258169380	oh fuck my bad. im still a broke ass. i cant afford pot for a couple weeks.	False	N/A	exclamation	sad
278575928	oh fuck my bad. im still a broke ass. i cant afford pot for a couple weeks.	False	N/A	exclamation	sad
1846674978	I think were gonna have a nice ice storm year	False	N/A	exclamation	happy
1613958825	Just picked up was waiting for u to get back to me lnao	False	N/A	statement	mean
1631522685	Just picked up was waiting for u to get back to me lnao	False	N/A	statement	mean
723188944	Ok	False	N/A	command	neutral
1995387005	not alot switched over laundry. coding atm. lol you?	False	N/A	command	love
606304197	not alot switched over laundry. coding atm. lol you?	False	N/A	command	love
1359017824	Lol	False	N/A	command	nice
358379318	Whats up	True	special	N/A	neutral
1839173142	Whats up	True	special	N/A	neutral
587738740	not really the losers at loyola and shit are what you find at the bar xD	True	general	N/A	neutral
929617843	Just a feeling	False	N/A	command	sad
1657174207	Just a feeling	False	N/A	command	sad
2041343720	now she goes to work and he stays home making beats xD	False	N/A	statement	angry
1826497744	what makes you say that?	True	special	N/A	angry
1175011315	what makes you say that?	True	special	N/A	angry
311922753	Still better then a bar lmao	False	N/A	command	happy
1477106856	Prob y she dated him to	False	N/A	command	angry
1985833993	Lol	False	N/A	command	nice
1170299479	Lol	False	N/A	command	nice
445785481	not really the losers at loyola and shit are what you find at the bar xD	True	general	N/A	neutral
1003193263	not really the losers at loyola and shit are what you find at the bar xD	True	general	N/A	neutral
982526321	yeup	False	N/A	command	neutral
1298131882	Oh god	False	N/A	command	nice
1773860360	now she goes to work and he stays home making beats xD	False	N/A	statement	angry
760799987	now she goes to work and he stays home making beats xD	False	N/A	statement	angry
909826387	not well either.	False	N/A	command	angry
921563202	Still better then a bar lmao	False	N/A	command	happy
2042149492	Still better then a bar lmao	False	N/A	command	happy
367171840	aliees boyfriend mike raps.	False	N/A	command	love
1073657674	Lol	False	N/A	command	nice
832073087	Lol	False	N/A	command	nice
1805656121	Rap?	False	N/A	command	neutral
2081489420	she found him in adult high school xD.	False	N/A	statement	happy
1188272637	she found him in adult high school xD.	False	N/A	statement	happy
623460575	and they dont even rap	False	N/A	command	disgust
1677168412	Prob y she dated him to	False	N/A	command	angry
1141291985	Prob y she dated him to	False	N/A	command	angry
411597732	Lol	False	N/A	command	nice
540499982	yeup	False	N/A	command	neutral
308971694	yeup	False	N/A	command	neutral
773196161	honestly i hate all of kaylas exs. more useless than avas step dad.	False	N/A	exclamation	happy
1467014727	Oh god	False	N/A	command	nice
881103859	Oh god	False	N/A	command	nice
1427025412	Dad wont play mind craft wtf lol	False	N/A	command	love
1972822029	not well either.	False	N/A	command	angry
1521728315	not well either.	False	N/A	command	angry
1375846462	Lol	False	N/A	command	nice
491136347	aliees boyfriend mike raps.	False	N/A	command	love
2104140373	aliees boyfriend mike raps.	False	N/A	command	love
905557004	right?	True	choice	N/A	disgust
1394814328	Rap?	False	N/A	command	neutral
927323716	Rap?	False	N/A	command	neutral
13999494	Fair enough	False	N/A	command	disgust
1934719865	and they dont even rap	False	N/A	command	disgust
899440282	and they dont even rap	False	N/A	command	disgust
815323914	hes a little butt hurt me and her broke up. his dad wont even play minecraft with him.	False	N/A	statement	sad
101946785	Lol	False	N/A	command	nice
1743521241	Lol	False	N/A	command	nice
896162749	Bahahaha	False	N/A	command	love
1204617512	honestly i hate all of kaylas exs. more useless than avas step dad.	False	N/A	exclamation	happy
1155086457	honestly i hate all of kaylas exs. more useless than avas step dad.	False	N/A	exclamation	happy
90746768	now landon just says fair enough in response to her xD	False	N/A	command	happy
1067879255	Dad wont play mind craft wtf lol	False	N/A	command	love
749330891	Dad wont play mind craft wtf lol	False	N/A	command	love
1580448346	Lol	False	N/A	command	nice
304981320	Lol	False	N/A	command	nice
411120971	right?	True	choice	N/A	disgust
1097704498	Lmfao	False	N/A	command	nice
2110614697	right?	True	choice	N/A	disgust
2117562122	Fair enough	False	N/A	command	disgust
1278128406	Well Atlest mines outta ur hands lol	False	N/A	command	neutral
1304476927	Fair enough	False	N/A	command	disgust
2055937275	to be fair i did kill a spider yesterday that freaked me out	False	N/A	exclamation	sad
2013034472	hes a little butt hurt me and her broke up. his dad wont even play minecraft with him.	False	N/A	statement	sad
1452284626	hes a little butt hurt me and her broke up. his dad wont even play minecraft with him.	False	N/A	statement	sad
744155505	Bahahaha	False	N/A	command	love
1266910174	The rain	False	N/A	statement	racist
1245165297	Bahahaha	False	N/A	command	love
1507840494	Lmfao	False	N/A	command	nice
104308115	now landon just says fair enough in response to her xD	False	N/A	command	happy
310703776	now landon just says fair enough in response to her xD	False	N/A	command	happy
1912948316	what are you blaming me for?	True	special	N/A	neutral
